{
  "Alfama, Santa Maria Maior": {
    "count": 7,
    "avg_price": 257357.14285714287,
    "median_price": 255000.0,
    "avg_yield": 3.0404644237272875,
    "max_yield": 7.586771395487911,
    "avg_rent": 696.5969884195775,
    "price_per_sqm": null,
    "rent_per_sqm": null
  },
  "Alto da Ajuda, Ajuda": {
    "count": 2,
    "avg_price": 202863.0,
    "median_price": 202863.0,
    "avg_yield": 0.0,
    "max_yield": 0.0,
    "avg_rent": 0.0,
    "price_per_sqm": null,
    "rent_per_sqm": null
  },
  "Alto de Santo Amaro, Alc\u00e2ntara": {
    "count": 2,
    "avg_price": 262500.0,
    "median_price": 262500.0,
    "avg_yield": 7.133400784129663,
    "max_yield": 7.650233395636438,
    "avg_rent": 1546.433871633389,
    "price_per_sqm": null,
    "rent_per_sqm": null
  },
  "Alto de S\u00e3o Jo\u00e3o - Alto do Varej\u00e3o, Penha de Fran\u00e7a": {
    "count": 3,
    "avg_price": 263333.3333333333,
    "median_price": 255000.0,
    "avg_yield": 4.3919787899199445,
    "max_yield": 7.667357215117453,
    "avg_rent": 1002.1527322910179,
    "price_per_sqm": null,
    "rent_per_sqm": null
  },
  "Alto dos Moinhos, S\u00e3o Domingos de Benfica": {
    "count": 2,
    "avg_price": 232500.0,
    "median_price": 232500.0,
    "avg_yield": 3.5142818259544226,
    "max_yield": 7.028563651908845,
    "avg_rent": 717.4992061323615,
    "price_per_sqm": null,
    "rent_per_sqm": null
  },
  "Alvito - Quinta do Jacinto, Alc\u00e2ntara": {
    "count": 2,
    "avg_price": 264500.0,
    "median_price": 264500.0,
    "avg_yield": 2.9589215207616775,
    "max_yield": 5.917843041523355,
    "avg_rent": 737.2646122564513,
    "price_per_sqm": null,
    "rent_per_sqm": null
  },
  "Anjos, Arroios": {
    "count": 5,
    "avg_price": 281400.0,
    "median_price": 290000.0,
    "avg_yield": 5.9746389797074455,
    "max_yield": 8.333333333333332,
    "avg_rent": 1372.7440036270916,
    "price_per_sqm": null,
    "rent_per_sqm": null
  },
  "Baixa, Santa Maria Maior": {
    "count": 2,
    "avg_price": 254500.0,
    "median_price": 254500.0,
    "avg_yield": 3.4180367304745753,
    "max_yield": 6.836073460949151,
    "avg_rent": 851.6608186765816,
    "price_per_sqm": null,
    "rent_per_sqm": null
  },
  "Beato, Lisboa": {
    "count": 4,
    "avg_price": 243500.0,
    "median_price": 232500.0,
    "avg_yield": 3.1023299350309435,
    "max_yield": 6.5689193794657745,
    "avg_rent": 686.9293650415159,
    "price_per_sqm": null,
    "rent_per_sqm": null
  },
  "Bica, Miseric\u00f3rdia": {
    "count": 2,
    "avg_price": 272500.0,
    "median_price": 272500.0,
    "avg_yield": 3.247933483603186,
    "max_yield": 6.495866967206372,
    "avg_rent": 798.4503147191166,
    "price_per_sqm": null,
    "rent_per_sqm": null
  },
  "Boa Hora, Ajuda": {
    "count": 2,
    "avg_price": 250000.0,
    "median_price": 250000.0,
    "avg_yield": 2.9026121476282727,
    "max_yield": 5.805224295256545,
    "avg_rent": 653.0877332163614,
    "price_per_sqm": null,
    "rent_per_sqm": null
  },
  "Cais do Sodr\u00e9 - Santos, Miseric\u00f3rdia": {
    "count": 2,
    "avg_price": 235000.0,
    "median_price": 235000.0,
    "avg_yield": 0.0,
    "max_yield": 0.0,
    "avg_rent": 0.0,
    "price_per_sqm": null,
    "rent_per_sqm": null
  },
  "Campo de Santana - Santa Marta, Santo Ant\u00f3nio": {
    "count": 2,
    "avg_price": 292500.0,
    "median_price": 292500.0,
    "avg_yield": 5.688551322084484,
    "max_yield": 5.798603058820802,
    "avg_rent": 1385.896561403491,
    "price_per_sqm": null,
    "rent_per_sqm": null
  },
  "Centro, Penha de Fran\u00e7a": {
    "count": 7,
    "avg_price": 250571.42857142858,
    "median_price": 240000.0,
    "avg_yield": 3.1262138560019497,
    "max_yield": 8.333333333333334,
    "avg_rent": 695.0529858184748,
    "price_per_sqm": null,
    "rent_per_sqm": null
  },
  "Estrada de Benfica, S\u00e3o Domingos de Benfica": {
    "count": 2,
    "avg_price": 290000.0,
    "median_price": 290000.0,
    "avg_yield": 6.5138505212626665,
    "max_yield": 6.516083146830429,
    "avg_rent": 1574.1712400319452,
    "price_per_sqm": null,
    "rent_per_sqm": null
  },
  "Gra\u00e7a, S\u00e3o Vicente": {
    "count": 7,
    "avg_price": 227428.57142857142,
    "median_price": 250000.0,
    "avg_yield": 3.0122669185471374,
    "max_yield": 7.625772304114481,
    "avg_rent": 614.3786841444124,
    "price_per_sqm": null,
    "rent_per_sqm": null
  },
  "Lapa, Estrela": {
    "count": 7,
    "avg_price": 277357.0,
    "median_price": 280000.0,
    "avg_yield": 0.0,
    "max_yield": 0.0,
    "avg_rent": 0.0,
    "price_per_sqm": null,
    "rent_per_sqm": null
  },
  "Marvila, Lisboa": {
    "count": 5,
    "avg_price": 278400.0,
    "median_price": 280000.0,
    "avg_yield": 5.196479373547762,
    "max_yield": 7.195359308913275,
    "avg_rent": 1189.0545343640692,
    "price_per_sqm": null,
    "rent_per_sqm": null
  },
  "Mouraria - Castelo, Santa Maria Maior": {
    "count": 6,
    "avg_price": 261833.33333333334,
    "median_price": 287000.0,
    "avg_yield": 3.445783497276375,
    "max_yield": 7.660713867813238,
    "avg_rent": 781.6987326134013,
    "price_per_sqm": null,
    "rent_per_sqm": null
  },
  "Olivais, Lisboa": {
    "count": 4,
    "avg_price": 232000.0,
    "median_price": 222500.0,
    "avg_yield": 5.201579052481419,
    "max_yield": 7.401397798598739,
    "avg_rent": 1019.2922096440494,
    "price_per_sqm": null,
    "rent_per_sqm": null
  },
  "Pena, Arroios": {
    "count": 4,
    "avg_price": 279250.0,
    "median_price": 282500.0,
    "avg_yield": 5.955190538599682,
    "max_yield": 8.333333333333332,
    "avg_rent": 1350.1216418063136,
    "price_per_sqm": null,
    "rent_per_sqm": null
  },
  "Prazeres - Maria Pia, Campo de Ourique": {
    "count": 3,
    "avg_price": 266333.3333333333,
    "median_price": 275000.0,
    "avg_yield": 4.834302253937996,
    "max_yield": 7.332504033317287,
    "avg_rent": 1107.860933194124,
    "price_per_sqm": null,
    "rent_per_sqm": null
  },
  "Prazeres, Estrela": {
    "count": 2,
    "avg_price": 255000.0,
    "median_price": 255000.0,
    "avg_yield": 4.166666666666666,
    "max_yield": 8.333333333333332,
    "avg_rent": 954.8611111111112,
    "price_per_sqm": null,
    "rent_per_sqm": null
  },
  "Santa Catarina, Miseric\u00f3rdia": {
    "count": 2,
    "avg_price": 293000.0,
    "median_price": 293000.0,
    "avg_yield": 3.337559907228894,
    "max_yield": 6.675119814457788,
    "avg_rent": 801.0143777349344,
    "price_per_sqm": null,
    "rent_per_sqm": null
  },
  "Santa Clara, Lisboa": {
    "count": 2,
    "avg_price": 271500.0,
    "median_price": 271500.0,
    "avg_yield": 7.393166819671094,
    "max_yield": 7.535014660913605,
    "avg_rent": 1670.1625524616566,
    "price_per_sqm": null,
    "rent_per_sqm": null
  },
  "Santa Engr\u00e1cia, S\u00e3o Vicente": {
    "count": 7,
    "avg_price": 273042.85714285716,
    "median_price": 285000.0,
    "avg_yield": 2.0149504481199334,
    "max_yield": 8.333333333333332,
    "avg_rent": 427.42254877184115,
    "price_per_sqm": null,
    "rent_per_sqm": null
  },
  "Santos-o-Velho - Madragoa, Estrela": {
    "count": 3,
    "avg_price": 280000.0,
    "median_price": 270000.0,
    "avg_yield": 1.7536634937340223,
    "max_yield": 5.260990481202067,
    "avg_rent": 394.57428609015506,
    "price_per_sqm": null,
    "rent_per_sqm": null
  },
  "S\u00e3o Vicente de Fora, S\u00e3o Vicente": {
    "count": 8,
    "avg_price": 291812.5,
    "median_price": 299900.0,
    "avg_yield": 0.8799990785015588,
    "max_yield": 7.03999262801247,
    "avg_rent": 205.33311831703037,
    "price_per_sqm": null,
    "rent_per_sqm": null
  },
  "avenida Afonso III, Alto de S\u00e3o Jo\u00e3o - Alto do Varej\u00e3o, Penha de Fran\u00e7a": {
    "count": 2,
    "avg_price": 289000.0,
    "median_price": 289000.0,
    "avg_yield": 2.9891720870598797,
    "max_yield": 5.978344174119759,
    "avg_rent": 717.4013008943712,
    "price_per_sqm": null,